Codigo;Producto;Modelo;Opcion;PreMay;Urlimagen;Sale;Nuevo;
RP0001;Conjunto Friza Ardilla Azul;Conjunto Friza Ardilla;NB, 3M, 6M, 9M, 12M;18900;https://res.cloudinary.com/dkfsnrkcy/image/upload/v1741625882/f9svknayvqtfo5otgbsk.jpg;si;si;
RP0002;Conjunto Friza Ardilla Celeste;Conjunto Friza Ardilla;NB, 3M, 6M, 9M, 12M;18900;https://res.cloudinary.com/dkfsnrkcy/image/upload/v1741625896/fqxvfvd9v6s49pos6hpu.jpg;;
RP0003;Conjunto Friza Ardilla Gris;Conjunto Friza Ardilla;NB, 3M, 6M, 12M;18900;https://res.cloudinary.com/dkfsnrkcy/image/upload/v1741625908/xi41f7bxw3qjmvfaz0wz.jpg;;
RP0004;Conjunto Friza Ardilla Terracota;Conjunto Friza Ardilla;NB, 6M, 9M, 12M;18900;https://res.cloudinary.com/dkfsnrkcy/image/upload/v1741625922/p6ml1697koncokbg7rmy.jpg;;
RP0005;Conjunto Friza Ardilla Tostado;Conjunto Friza Ardilla;NB, 3M, 6M, 9M, 12M;18900;https://res.cloudinary.com/dkfsnrkcy/image/upload/v1741625935/yhvl2sndotgmtnpfapyj.jpg;;
RP0006;Conjunto Friza Ardilla Verde Agua;Conjunto Friza Ardilla;NB, 6M, 9M, 12M;18900;https://res.cloudinary.com/dkfsnrkcy/image/upload/v1741625947/jmy1uundv72kkfjkthkp.jpg;;
RP0007;Conjunto Friza Dino Azul;Conjunto Friza Dino;NB, 3M, 6M, 9M, 12M;18900;https://res.cloudinary.com/dkfsnrkcy/image/upload/v1741625967/nhqavgh6zgli6c28esj6.jpg;no;si;
RP0008;Conjunto Friza Dino Celeste;Conjunto Friza Dino;NB, 3M, 6M, 9M, 12M;18900;https://res.cloudinary.com/dkfsnrkcy/image/upload/v1741625983/hksagq2rbg5qtjzhjth5.jpg;;
RP0009;Conjunto Friza Dino Gris;Conjunto Friza Dino;NB, 3M, 9M;18900;https://res.cloudinary.com/dkfsnrkcy/image/upload/v1741625999/lhsjktf2ddc8v7ph7roj.jpg;;
RP0010;Conjunto Friza Dino Negro;Conjunto Friza Dino;3M, 6M, 12M;18900;https://res.cloudinary.com/dkfsnrkcy/image/upload/v1741626013/cmhwpnsle6kmvxairqn2.jpg;;
RP0011;Conjunto Friza Dino Terracota;Conjunto Friza Dino;NB, 3M, 6M;18900;https://res.cloudinary.com/dkfsnrkcy/image/upload/v1741626034/yj86v4zwd72pkcliod2b.jpg;;
RP0012;Conjunto Friza Dino Tostado;Conjunto Friza Dino;NB, 3M, 6M;18900;https://res.cloudinary.com/dkfsnrkcy/image/upload/v1741626052/vcjss5ax5sd3ngpteneg.jpg;;
RP0013;Conjunto Friza Dino Verde Agua;Conjunto Friza Dino;NB, 3M, 6M, 9M;18900;https://res.cloudinary.com/dkfsnrkcy/image/upload/v1741626070/tiynnr7q1x0grzgyiiof.jpg;;
RP0014;Conjunto Friza Elefante Azul;Conjunto Friza Elefante;NB, 3M, 6M, 9M, 12M;18900;https://res.cloudinary.com/dkfsnrkcy/image/upload/v1741626112/ii6igvmvrnthvi93it3o.jpg;si;no;
RP0015;Conjunto Friza Elefante Celeste;Conjunto Friza Elefante;NB, 3M, 6M, 9M, 12M;18900;https://res.cloudinary.com/dkfsnrkcy/image/upload/v1741626134/ldthfiztpwqhlda8lo1k.jpg;;
RP0016;Conjunto Friza Elefante Gris;Conjunto Friza Elefante;9M;18900;https://res.cloudinary.com/dkfsnrkcy/image/upload/v1741626152/xqpjhkedexfrwrgemmk9.jpg;;
RP0017;Conjunto Friza Elefante Negro;Conjunto Friza Elefante;NB;18900;https://res.cloudinary.com/dkfsnrkcy/image/upload/v1741626169/zrlniqjlashnhlkqosuo.jpg;;
RP0018;Conjunto Friza Elefante Terracota;Conjunto Friza Elefante;3M, 6M, 9M;18900;https://res.cloudinary.com/dkfsnrkcy/image/upload/v1741626184/ltary623uatfugmyaxqx.jpg;;
RP0019;Conjunto Friza Elefante Tostado;Conjunto Friza Elefante;3M, 6M, 9M, 12M;18900;https://res.cloudinary.com/dkfsnrkcy/image/upload/v1741626203/ebaynno4ivhw5dtfkwtn.jpg;;
RP0020;Conjunto Friza Elefante Verde Agua;Conjunto Friza Elefante;NB, 3M, 6M, 9M, 12M;18900;https://res.cloudinary.com/dkfsnrkcy/image/upload/v1741626221/r8xai4k7dcgyitm8845f.jpg;;
RP0021;Conjunto Friza Zorro Azul;Conjunto Friza Zorro;NB, 3M, 6M, 9M, 12M;18900;https://res.cloudinary.com/dkfsnrkcy/image/upload/v1741626244/guspe1qdtbcg6b7ppyie.jpg;;
RP0022;Conjunto Friza Zorro Celeste;Conjunto Friza Zorro;NB, 3M, 6M, 9M, 12M;18900;https://res.cloudinary.com/dkfsnrkcy/image/upload/v1741626264/jqtomevwonrg5y8yttnq.jpg;;
RP0023;Conjunto Friza Zorro Gris;Conjunto Friza Zorro;3M, 6M;18900;https://res.cloudinary.com/dkfsnrkcy/image/upload/v1741626282/audzf0ckjxfnhvjyzu03.jpg;;
RP0024;Conjunto Friza Zorro Terracota;Conjunto Friza Zorro;NB, 3M, 6M;18900;https://res.cloudinary.com/dkfsnrkcy/image/upload/v1741626297/mzer4d21roxr9bvxkxfy.jpg;;
RP0025;Conjunto Friza Zorro Tostado;Conjunto Friza Zorro;3M, 9M;18900;https://res.cloudinary.com/dkfsnrkcy/image/upload/v1741626312/vwrbol7ekz9gpzvxfkyy.jpg;;
RP0026;Conjunto Friza Zorro Verde Agua;Conjunto Friza Zorro;NB, 3M, 6M, 9M, 12M;18900;https://res.cloudinary.com/dkfsnrkcy/image/upload/v1741626324/zzbzjefvkryexksqhqhe.jpg;;
RP0027;Conunto Friza Bambi Azul;Conunto Friza Bambi;NB, 3M, 6M, 9M, 12M;18900;https://res.cloudinary.com/dkfsnrkcy/image/upload/v1741626712/ekhji6sdinho2mk9epkt.jpg;;
RP0028;Conunto Friza Bambi Celeste;Conunto Friza Bambi;NB, 3M, 6M, 9M, 12M;18900;https://res.cloudinary.com/dkfsnrkcy/image/upload/v1741626729/bkxtfaprcqcu7noaniyd.jpg;;
RP0029;Conunto Friza Bambi Gris;Conunto Friza Bambi;NB, 3M, 6M, 12M;18900;https://res.cloudinary.com/dkfsnrkcy/image/upload/v1741626749/bazofvutmvj5worzkmo7.jpg;;
RP0030;Conunto Friza Bambi Negro;Conunto Friza Bambi;NB, 9M;18900;https://res.cloudinary.com/dkfsnrkcy/image/upload/v1741626761/skmmb71pdngvdtr7bl04.jpg;;
RP0031;Conunto Friza Bambi Terracota;Conunto Friza Bambi;3M, 6M, 9M;18900;https://res.cloudinary.com/dkfsnrkcy/image/upload/v1741626773/gptbjbn1wsklyfzfzrgl.jpg;;
RP0032;Conunto Friza Bambi Tostado;Conunto Friza Bambi;NB, 6M, 9M, 12M;18900;https://res.cloudinary.com/dkfsnrkcy/image/upload/v1741626787/oakunicfu56ep3wcspqx.jpg;;
RP0033;Conunto Friza Bambi Verde Agua;Conunto Friza Bambi;NB, 3M, 6M, 9M, 12M;18900;https://res.cloudinary.com/dkfsnrkcy/image/upload/v1741626803/behhyklawav8ev58lvqq.jpg;;
RP0034;Conjunto Friza Ciervita Chicle;Conjunto Friza Ciervita;3M, 9M, 12M;18900;https://res.cloudinary.com/dkfsnrkcy/image/upload/v1741626338/o3abm8ee84h5sqllsym5.jpg;;
RP0035;Conjunto Friza Ciervita Coral;Conjunto Friza Ciervita;NB, 3M, 6M, 9M, 12M;18900;https://res.cloudinary.com/dkfsnrkcy/image/upload/v1741626351/zlru7w8kfwwb2uqoik9z.jpg;;
RP0036;Conjunto Friza Ciervita Durazno;Conjunto Friza Ciervita;NB, 9M, 12M;18900;https://res.cloudinary.com/dkfsnrkcy/image/upload/v1741626369/g8e4r9huuuw6zgmdbbgg.jpg;;
RP0037;Conjunto Friza Ciervita Gris;Conjunto Friza Ciervita;NB, 3M, 6M, 9M, 12M;18900;https://res.cloudinary.com/dkfsnrkcy/image/upload/v1741626387/lbzjmk11pznluqu7easl.jpg;;
RP0038;Conjunto Friza Ciervita Negro;Conjunto Friza Ciervita;NB;18900;https://res.cloudinary.com/dkfsnrkcy/image/upload/v1741626407/orqenggtdnphlao0tk5z.jpg;;
RP0039;Conjunto Friza Ciervita Tostado;Conjunto Friza Ciervita;NB, 3M, 6M, 9M, 12M;18900;https://res.cloudinary.com/dkfsnrkcy/image/upload/v1741626425/wu0leb2cxihgpsgmt3z5.jpg;;
RP0040;Conjunto Friza Osita Chicle;Conjunto Friza Osita;6M;18900;https://res.cloudinary.com/dkfsnrkcy/image/upload/v1741626453/y4csshvq2yfowwzda1ka.jpg;;
RP0041;Conjunto Friza Osita Coral;Conjunto Friza Osita;NB, 3M, 6M, 9M, 12M;18900;https://res.cloudinary.com/dkfsnrkcy/image/upload/v1741626473/ox6dmkmotncnnrwvpvuc.jpg;;
RP0042;Conjunto Friza Osita Durazno;Conjunto Friza Osita;3M, 6M, 9M, 12M;18900;https://res.cloudinary.com/dkfsnrkcy/image/upload/v1741626515/sdmdrhedc0ygzybel1xf.jpg;;
RP0043;Conjunto Friza Osita Gris;Conjunto Friza Osita;NB, 3M, 6M, 9M, 12M;18900;https://res.cloudinary.com/dkfsnrkcy/image/upload/v1741626541/ngsjg9qi87nn7ti3wyjh.jpg;;
RP0044;Conjunto Friza Osita Negro;Conjunto Friza Osita;NB, 3M, 9M, 12M;18900;https://res.cloudinary.com/dkfsnrkcy/image/upload/v1741626557/czkhdh3i0vhvukeq942g.jpg;;
RP0045;Conjunto Friza Osita Tostado;Conjunto Friza Osita;NB, 3M, 6M, 9M, 12M;18900;https://res.cloudinary.com/dkfsnrkcy/image/upload/v1741626570/iib4ycq22zwtanvauewi.jpg;;
RP0046;Conjunto Friza Venadita Chicle;Conjunto Friza Venadita;9M;18900;https://res.cloudinary.com/dkfsnrkcy/image/upload/v1741626587/cdp4qdhwrtd01etv35sa.jpg;;
RP0047;Conjunto Friza Venadita Coral;Conjunto Friza Venadita;NB, 3M, 6M, 9M, 12M;18900;https://res.cloudinary.com/dkfsnrkcy/image/upload/v1741626610/inrble8uv6c9yousak2m.jpg;;
RP0048;Conjunto Friza Venadita Durazno;Conjunto Friza Venadita;3M, 6M, 12M;18900;https://res.cloudinary.com/dkfsnrkcy/image/upload/v1741626626/tfvwukri1vmvjzfxeliu.jpg;;
RP0049;Conjunto Friza Venadita Gris;Conjunto Friza Venadita;3M, 6M, 9M, 12M;18900;https://res.cloudinary.com/dkfsnrkcy/image/upload/v1741626642/wmp7emjsflqcjnblxefn.jpg;;
RP0050;Conjunto Friza Venadita Negro;Conjunto Friza Venadita;3M, 6M, 9M;18900;https://res.cloudinary.com/dkfsnrkcy/image/upload/v1741626668/qzj8yaafihsvtdkh5nrn.jpg;;
RP0051;Conjunto Friza Venadita Tostado;Conjunto Friza Venadita;NB, 3M, 6M, 12M;18900;https://res.cloudinary.com/dkfsnrkcy/image/upload/v1741626685/ip4ppamlccw99k0wzqjn.jpg;;
RP0052;Camisa Escosesa Azul;Camisa Escosesa;6M, 9M, 12M, 2A, 3A;5900;https://res.cloudinary.com/dkfsnrkcy/image/upload/v1741784330/pislja7wimbnvoxzdp40.jpg;;
RP0053;Camisa Escosesa Mostaza;Camisa Escosesa;6M, 9M, 12M, 2A, 3A;5900;https://res.cloudinary.com/dkfsnrkcy/image/upload/v1741784343/uw3a9oqo6rupiiihzery.jpg;;
RP0054;Camisa Escosesa Naranja;Camisa Escosesa;6M, 9M, 12M, 2A, 3A;5900;https://res.cloudinary.com/dkfsnrkcy/image/upload/v1741784351/rkyhil2rhnheayf5wm1o.jpg;;
RP0055;Camisa Escosesa Rojo;Camisa Escosesa;6M, 9M, 12M, 2A, 3A;5900;https://res.cloudinary.com/dkfsnrkcy/image/upload/v1741784359/vrx3mmouewhnbtiaujip.jpg;;
RP0056;Camisaco Azul;Camisaco;6M, 9M, 12M, 2A, 3A;12000;https://res.cloudinary.com/dkfsnrkcy/image/upload/v1741784380/bswauhrnxrgwulqhjgzs.jpg;;
RP0057;Camisaco Beige;Camisaco;6M, 9M, 12M, 2A, 3A;12000;https://res.cloudinary.com/dkfsnrkcy/image/upload/v1741784388/lcrgjh0bnlvqg8dzba78.jpg;;
RP0058;Camisaco Gris;Camisaco;6M, 9M, 12M, 2A, 3A;12000;https://res.cloudinary.com/dkfsnrkcy/image/upload/v1741784397/rodsbmagntl4z8ittbxq.jpg;;
RP0059;Camisaco Mostaza;Camisaco;6M, 9M, 12M, 2A, 3A;12000;https://res.cloudinary.com/dkfsnrkcy/image/upload/v1741784413/iuy8dfyie7oaudhrkcem.jpg;;
RP0060;Camisaco Rojo;Camisaco;6M, 9M, 12M, 2A, 3A;12000;https://res.cloudinary.com/dkfsnrkcy/image/upload/v1741784422/ioans9n9vhpjnfmm2n84.jpg;;
RP0061;Camisaco Capucha Azul;Camisaco Capucha;6M, 9M, 12M, 2A, 3A;12000;https://res.cloudinary.com/dkfsnrkcy/image/upload/v1741784437/acn6fa1qws38dijvvtz4.jpg;;
RP0062;Camisaco Capucha Beige;Camisaco Capucha;6M, 9M, 12M, 2A, 3A;12000;https://res.cloudinary.com/dkfsnrkcy/image/upload/v1741784443/o16reiiq63i9ypm7nrmy.jpg;;
RP0063;Camisaco Capucha Negro;Camisaco Capucha;6M, 9M, 12M, 2A, 3A;12000;https://res.cloudinary.com/dkfsnrkcy/image/upload/v1741784451/dhrgvsh0ovsg7ge26qlp.jpg;;
RP0064;Camisaco Capucha Rojo;Camisaco Capucha;6M, 9M, 12M, 2A, 3A;12000;https://res.cloudinary.com/dkfsnrkcy/image/upload/v1741784458/hj2gb6elhxqdt4ynk8ik.jpg;;
RP0065;Camisaco Capucha Verde;Camisaco Capucha;6M, 9M, 12M, 2A, 3A;12000;https://res.cloudinary.com/dkfsnrkcy/image/upload/v1741784469/p1fxsl0tjo6h4pr9yeyx.jpg;;
RP0066;Camisaco Capucha Verde/Gris;Camisaco Capucha;6M, 9M, 12M, 2A, 3A;12000;https://res.cloudinary.com/dkfsnrkcy/image/upload/v1741784478/vm7fkezm4wo5c6rt2qwb.jpg;;
RP0067;Calza Kiara Beige;Calza Kiara;NB, 3M, 6M, 9M, 12M, 2A, 3A;4500;https://res.cloudinary.com/dkfsnrkcy/image/upload/v1741784515/fbrouzwzdal8nx1jayyr.jpg;;
RP0068;Calza Kiara Blanco;Calza Kiara;NB, 3M, 6M, 9M, 12M, 2A, 3A;4500;https://res.cloudinary.com/dkfsnrkcy/image/upload/v1741784523/fzvqfxromyraer41atzs.jpg;;
RP0069;Calza Kiara Chicle;Calza Kiara;NB, 3M, 6M, 9M, 12M, 2A, 3A;4500;https://res.cloudinary.com/dkfsnrkcy/image/upload/v1741784530/crhzyhgws3qel0qqrh9y.jpg;;
RP0070;Calza Kiara Gris;Calza Kiara;NB, 3M, 6M, 9M, 12M, 2A, 3A;4500;https://res.cloudinary.com/dkfsnrkcy/image/upload/v1741784539/ukrcwgvuwyus5zvpi2xp.jpg;;
RP0071;Calza Kiara Natural;Calza Kiara;NB, 3M, 6M, 9M, 12M, 2A, 3A;4500;https://res.cloudinary.com/dkfsnrkcy/image/upload/v1741784547/bpringpxjspz0ljjt9qx.jpg;;
RP0072;Calza Kiara Negro;Calza Kiara;NB, 3M, 6M, 9M, 12M, 2A, 3A;4500;https://res.cloudinary.com/dkfsnrkcy/image/upload/v1741784557/ttk715pvrpo5ohtbb4fq.jpg;;
RP0073;Calza Kiara Rojo;Calza Kiara;NB, 3M, 6M, 9M, 12M, 2A, 3A;4500;https://res.cloudinary.com/dkfsnrkcy/image/upload/v1741784564/ev3ginxjashdpup4tfp5.jpg;;
RP0074;Calza Kiara Rosa;Calza Kiara;NB, 3M, 6M, 9M, 12M, 2A, 3A;4500;https://res.cloudinary.com/dkfsnrkcy/image/upload/v1741784573/jeeiratxducuzyrlmacz.jpg;;
RP0075;Calza Kiara Tostado;Calza Kiara;NB, 3M, 6M, 9M, 12M, 2A, 3A;4500;https://res.cloudinary.com/dkfsnrkcy/image/upload/v1741784581/jrhxsfidxd1wmf16r8a0.jpg;;
RP0076;Calza Plush Camel;Calza Plush;6M, 9M, 12M, 2A, 3A;3900;https://res.cloudinary.com/dkfsnrkcy/image/upload/v1741784601/giqkkefmg6ssqccoe6vr.jpg;;
RP0077;Calza Plush Negro;Calza Plush;6M, 9M, 12M, 2A, 3A;3900;https://res.cloudinary.com/dkfsnrkcy/image/upload/v1741784609/jglqtzatlwdayuay06ar.jpg;;
RP0078;Calza Plush Rosa;Calza Plush;6M, 9M, 12M, 2A, 3A;3900;https://res.cloudinary.com/dkfsnrkcy/image/upload/v1741784615/m2xr0hgolv6uj5h8e6xg.jpg;;
RP0079;Pañalero Jeans Azul;Pañalero Jeans;RN, NB, 3M, 6M;9500;https://res.cloudinary.com/dkfsnrkcy/image/upload/v1741784700/oc6od4n2dllpvaf3qsfz.jpg,https://res.cloudinary.com/dkfsnrkcy/image/upload/v1741784701/vpv9mooykw3mb9hswkl5.jpg;;
RP0080;Pañalero Jeans Azul Rasgado;Pañalero Jeans;RN, NB, 3M, 6M;9500;https://res.cloudinary.com/dkfsnrkcy/image/upload/v1741784712/lflnz4ptxbvyyimwglux.jpg, https://res.cloudinary.com/dkfsnrkcy/image/upload/v1741784712/vgyqkmw6jdl7eu9noqz2.jpg;;
RP0081;Pañalero Jeans Celeste;Pañalero Jeans;RN, NB, 3M, 6M;9500;https://res.cloudinary.com/dkfsnrkcy/image/upload/v1741784752/jfawfq8qqpmhq26dmh0k.jpg, https://res.cloudinary.com/dkfsnrkcy/image/upload/v1741784752/kgrfseyaiqb3ydzgk1al.jpg;;
RP0082;Pañalero Jeans Celeste Rasgado;Pañalero Jeans;RN, NB, 3M, 6M;9500;https://res.cloudinary.com/dkfsnrkcy/image/upload/v1741784767/zubtbvnz2volhjkrlumn.jpg, https://res.cloudinary.com/dkfsnrkcy/image/upload/v1741784767/lpg3s9d7f1yyvysmk1vv.jpg;;
RP0083;Pantalón Happy X3 Gris-Celeste-Natural;Pantalon Happy X3;P, RN, NB, 3M, 6M;10500;https://res.cloudinary.com/dkfsnrkcy/image/upload/v1741784870/pvlxl5vcylbe9l3i0vmn.jpg, https://res.cloudinary.com/dkfsnrkcy/image/upload/v1741784870/vbcvrwarffdfa2hfjapf.jpg, https://res.cloudinary.com/dkfsnrkcy/image/upload/v1741784871/rtaxukuwx1q3dcge1soi.jpg, https://res.cloudinary.com/dkfsnrkcy/image/upload/v1741784871/mbienaubgxuapcljfn3w.jpg;;
RP0084;Pantalón Happy X3 Natural-Celeste-Blanco;Pantalon Happy X3;P, RN, NB, 3M, 6M;10500;https://res.cloudinary.com/dkfsnrkcy/image/upload/v1741785353/urcpypbxoib3vn5a3fsl.jpg, https://res.cloudinary.com/dkfsnrkcy/image/upload/v1741785353/evgy2atxaa8qvnfr2qmt.jpg, https://res.cloudinary.com/dkfsnrkcy/image/upload/v1741785353/xxpcalymnywtxqb0bmb0.jpg, https://res.cloudinary.com/dkfsnrkcy/image/upload/v1741785353/hnhqjd6dqnrvttuuozqj.jpg;;
RP0085;Pantalón Happy X3 Natural-Rosa-Blanco;Pantalon Happy X3;P, RN, NB, 3M, 6M;10500;https://res.cloudinary.com/dkfsnrkcy/image/upload/v1741785373/jk5ow8rg2z5ipgc3rpy4.jpg, https://res.cloudinary.com/dkfsnrkcy/image/upload/v1741785373/pbmpsehnd24qhnvvozub.jpg, https://res.cloudinary.com/dkfsnrkcy/image/upload/v1741785373/hfoa0spfp45xt5mwfdeg.jpg, https://res.cloudinary.com/dkfsnrkcy/image/upload/v1741785373/vls8mfs3yanxchbqcieg.jpg;;
RP0086;Pantalón Happy X3 Rosa-Gris-Blanco;Pantalon Happy X3;P, RN, NB, 3M, 6M;10500;https://res.cloudinary.com/dkfsnrkcy/image/upload/v1741785425/juc9pkvduyv59p6b6f3o.jpg, https://res.cloudinary.com/dkfsnrkcy/image/upload/v1741785425/nj0o3cv7z27g7czhrhxt.jpg, https://res.cloudinary.com/dkfsnrkcy/image/upload/v1741785426/iuodcij0ko80fezxnihw.jpg, https://res.cloudinary.com/dkfsnrkcy/image/upload/v1741785425/o5n4gkdjph1kbrrvhxnv.jpg;;
RP0087;Pantalón Happy X3 Natural-Gris-Blanco;Pantalon Happy X3;P, RN, NB, 3M, 6M;10500;https://res.cloudinary.com/dkfsnrkcy/image/upload/v1741785443/ikmd3unri7v3ccmaupik.jpg, https://res.cloudinary.com/dkfsnrkcy/image/upload/v1741785443/u7nvlnkcekcuocrn9kkg.jpg, https://res.cloudinary.com/dkfsnrkcy/image/upload/v1741785444/entaqdpcdowx8apcgt1z.jpg, https://res.cloudinary.com/dkfsnrkcy/image/upload/v1741785443/obj4ongzdtckuv7gaseq.jpg;;
RP0088;Ranita X3 Gris-Celeste-Natural;Ranita X3;RN, NB;9000;https://res.cloudinary.com/dkfsnrkcy/image/upload/v1741785485/qvcphmjjugj9bcesnnci.jpg,https://res.cloudinary.com/dkfsnrkcy/image/upload/v1741785484/bmm7i2akfb7yoq0xggtp.jpg, https://res.cloudinary.com/dkfsnrkcy/image/upload/v1741785485/lzthnkddh7bwuprkyone.jpg, https://res.cloudinary.com/dkfsnrkcy/image/upload/v1741785484/glghgkwzfzttkob7l1n4.jpg;;
RP0089;Ranita X3 Natural-Celeste-Blanco;Ranita X3;RN, NB;9000;https://res.cloudinary.com/dkfsnrkcy/image/upload/v1741785666/m3i7fk9delbhxpr5vtv3.png,https://res.cloudinary.com/dkfsnrkcy/image/upload/v1741785664/alchyeojpz7oucrpw9bg.jpg, https://res.cloudinary.com/dkfsnrkcy/image/upload/v1741785664/m4fe9kzyainiiipjo6gv.jpg, https://res.cloudinary.com/dkfsnrkcy/image/upload/v1741785664/dxtabwyywbxlct4vdb0e.jpg;;
RP0090;Ranita X3 Natural-Rosa-Blanco;Ranita X3;RN, NB;9000;https://res.cloudinary.com/dkfsnrkcy/image/upload/v1741785711/arcivo8azmvy9t7ps5rp.jpg, https://res.cloudinary.com/dkfsnrkcy/image/upload/v1741785711/ze8ddy6bngeashnst8bd.jpg, https://res.cloudinary.com/dkfsnrkcy/image/upload/v1741785711/nb2hghdpafprusd827gb.jpg, https://res.cloudinary.com/dkfsnrkcy/image/upload/v1741785711/ogbtkqb6ut0v2vqegzme.jpg;;
RP0091;Ranita X3 Rosa-Gris-Blanco;Ranita X3;RN, NB;9000;https://res.cloudinary.com/dkfsnrkcy/image/upload/v1741785757/gxgqpaephdiegszw6czr.jpg, https://res.cloudinary.com/dkfsnrkcy/image/upload/v1741785757/ab42sku9xyon2rwfo4nm.jpg, https://res.cloudinary.com/dkfsnrkcy/image/upload/v1741785758/c4yn2y1awwjhtylacvbx.jpg, https://res.cloudinary.com/dkfsnrkcy/image/upload/v1741785757/py18xrqotgx0byxcke3v.jpg;;
RP0092;Ranita X3 Natural-Gris-Blanco;Ranita X3;RN, NB;9000;https://res.cloudinary.com/dkfsnrkcy/image/upload/v1741785780/i3ksnb3ehuumr6ukc4fg.jpg, https://res.cloudinary.com/dkfsnrkcy/image/upload/v1741785780/oqbyxvxjzd1bpyuf4xhq.jpg, https://res.cloudinary.com/dkfsnrkcy/image/upload/v1741785780/ogjvdomtjjxhko7ktpms.jpg, https://res.cloudinary.com/dkfsnrkcy/image/upload/v1741785780/m17e4zhjzyucxc4tcubu.jpg;;
RP0093;Ranita Bordada X3 (Gatita-Elefante-Vaquita);Ranita Bordada X3;RN, NB;11500;https://res.cloudinary.com/dkfsnrkcy/image/upload/v1743529054/p4ulozck1kncmr0gecgm.png, https://res.cloudinary.com/dkfsnrkcy/image/upload/v1743529054/hrrqirm3h57pc4e6gdlw.jpg, https://res.cloudinary.com/dkfsnrkcy/image/upload/v1743529054/yauw4fe9jfdgawh0ptis.jpg, https://res.cloudinary.com/dkfsnrkcy/image/upload/v1743529054/l5iyp5a4zxziq9bsio3u.jpg;;
RP0094;Ranita Bordada X3 (Ciervita-Oveja -Buho);Ranita Bordada X3;RN, NB;11500;https://res.cloudinary.com/dkfsnrkcy/image/upload/v1743529102/iilqog1osbpnwetsyvgn.png, https://res.cloudinary.com/dkfsnrkcy/image/upload/v1743529102/fnhny1jybo4mg7wevuyc.jpg, https://res.cloudinary.com/dkfsnrkcy/image/upload/v1743529102/hu81bo4uu9mxqaave006.jpg, https://res.cloudinary.com/dkfsnrkcy/image/upload/v1743529102/aaw6wvamlfvwkscjizvs.jpg;;
RP0095;Ranita Bordada X3 (Bambi-Zorro-Perrito);Ranita Bordada X3;RN, NB;11500;https://res.cloudinary.com/dkfsnrkcy/image/upload/v1743529196/xt6x99lvly5wbwrw6fks.png, https://res.cloudinary.com/dkfsnrkcy/image/upload/v1743529196/peqyxc2h8c9cbfccnwrg.jpg, https://res.cloudinary.com/dkfsnrkcy/image/upload/v1743529196/jawl02vd6qelb21vf9gq.jpg, https://res.cloudinary.com/dkfsnrkcy/image/upload/v1743529196/i8abkhythjbjgrnidyuu.jpg;;
RP0096;Ranita Bordada X3 (Buho-Pinguino-Leon);Ranita Bordada X3;RN, NB;11500;https://res.cloudinary.com/dkfsnrkcy/image/upload/v1743529224/xa4izb1fwkbntqfsmjvj.png, https://res.cloudinary.com/dkfsnrkcy/image/upload/v1743529224/ujbdkbdyo94algsyjwym.jpg, https://res.cloudinary.com/dkfsnrkcy/image/upload/v1743529224/kf3ctdhjmsuublpmeen6.jpg, https://res.cloudinary.com/dkfsnrkcy/image/upload/v1743529224/ohnzfof0pet0mhw3zitr.jpg;;
RP0097;Pant Bordado X3 (Gatita-Elefante-Vaquita);Pant Bordado X3;RN, NB, 3M, 6M;11500;https://res.cloudinary.com/dkfsnrkcy/image/upload/v1743529362/leuchqdeokyt9mreksbe.png, https://res.cloudinary.com/dkfsnrkcy/image/upload/v1743529362/jrac9oyfeoygftnf5oe4.png, https://res.cloudinary.com/dkfsnrkcy/image/upload/v1743529362/wlloybocmdfnbbi9no1w.jpg, https://res.cloudinary.com/dkfsnrkcy/image/upload/v1743529362/tzwqbr3zhgzvowbez36u.jpg, https://res.cloudinary.com/dkfsnrkcy/image/upload/v1743529363/djkyvlbhz87oeh2jb4bt.jpg;;
RP0098;Pant Bordado X3 (Ciervita-Oveja -Buho);Pant Bordado X3;RN, NB, 3M, 6M;11500;https://res.cloudinary.com/dkfsnrkcy/image/upload/v1744727868/lm0mftectlt9kvsg7f3d.png, https://res.cloudinary.com/dkfsnrkcy/image/upload/v1743529422/hlfloytw6ddq57yzhjvx.jpg, https://res.cloudinary.com/dkfsnrkcy/image/upload/v1743529422/phkljehdskstiu35hiey.jpg, https://res.cloudinary.com/dkfsnrkcy/image/upload/v1744728023/jmyhxwtmqidykssrljto.jpg;;
RP0099;Pant Bordado X3 (Bambi-Zorro-Perrito);Pant Bordado X3;RN, NB, 3M, 6M;11500;https://res.cloudinary.com/dkfsnrkcy/image/upload/v1743529493/b6mmdmibj9xnye1o9erl.png, https://res.cloudinary.com/dkfsnrkcy/image/upload/v1743529493/rqkixuuw07p7wgi5r4dj.jpg, https://res.cloudinary.com/dkfsnrkcy/image/upload/v1743529493/usmfwlliv1durthz60r6.jpg, https://res.cloudinary.com/dkfsnrkcy/image/upload/v1743529493/zy1j1vmfulxzjzvg2jmd.jpg;;
RP0100;Pant Bordado X3 (Buho-Pinguino-Leon);Pant Bordado X3;RN, NB, 3M, 6M;11500;https://res.cloudinary.com/dkfsnrkcy/image/upload/v1743529577/o6bwbsucpa5ygavp7oxs.png, https://res.cloudinary.com/dkfsnrkcy/image/upload/v1743529577/tol9innnfhvguxci14jz.jpg, https://res.cloudinary.com/dkfsnrkcy/image/upload/v1743529577/okwxdy9olib33bwjxiqp.jpg, https://res.cloudinary.com/dkfsnrkcy/image/upload/v1743529577/zs7e1gbbmj9yxya6xi0y.jpg;;
RP0101;Jardinero Eden Aero;Jardinero Eden;RN, NB, 3M;9900;https://res.cloudinary.com/dkfsnrkcy/image/upload/v1743529724/kdnuhtkwfqsbix9uyx4w.jpg;;
RP0102;Jardinero Eden Terracota;Jardinero Eden;RN, NB, 3M;9900;https://res.cloudinary.com/dkfsnrkcy/image/upload/v1743529744/gp02wghhulb6treiprwb.jpg, https://res.cloudinary.com/dkfsnrkcy/image/upload/v1743529745/eiizwwco0rmqz0mbjmg4.jpg;;
RP0103;Jardinero Eden Rosa;Jardinero Eden;RN, NB, 3M;9900;https://res.cloudinary.com/dkfsnrkcy/image/upload/v1743529790/tgulei5zkwi6akw2tmqa.jpg;;
RP0104;Jardinero Eden Naranja;Jardinero Eden;RN, NB, 3M;9900;https://res.cloudinary.com/dkfsnrkcy/image/upload/v1743529804/wyse4bbj2fzjgwjb0j5v.jpg;;
RP0105;Jardinero Eden Gris;Jardinero Eden;RN, NB, 3M;9900;https://res.cloudinary.com/dkfsnrkcy/image/upload/v1743529826/hlgmx8ueed58usra9lxm.jpg, https://res.cloudinary.com/dkfsnrkcy/image/upload/v1743529826/u7w3mtvxtadtndxzfhj9.jpg;;
RP0106;Body Moon X3 (Natural-Rosa-Blanco);Body Moon X3;RN, NB, 3M, 6M, 9M, 12M;17000;https://res.cloudinary.com/dkfsnrkcy/image/upload/v1743530180/tts57qv9edhudja367wf.jpg, https://res.cloudinary.com/dkfsnrkcy/image/upload/v1743530180/u7fnr6hdwxoz0tj4xopw.jpg, https://res.cloudinary.com/dkfsnrkcy/image/upload/v1743530180/pkeipbrhneuchidannma.jpg, https://res.cloudinary.com/dkfsnrkcy/image/upload/v1743530180/r56hp8lvmdn28ysmgodt.jpg;;
RP0107;Body Moon X3 (Gris-Natural-Rosa);Body Moon X3;RN, NB, 3M, 6M, 9M, 12M;17000;https://res.cloudinary.com/dkfsnrkcy/image/upload/v1743530402/pqs15ftaf1soq6eyzroz.jpg, https://res.cloudinary.com/dkfsnrkcy/image/upload/v1743530401/s2ctsesneih01zuteonm.jpg, https://res.cloudinary.com/dkfsnrkcy/image/upload/v1743530401/zjh2h0rpj2hvadvtjqmd.jpg, https://res.cloudinary.com/dkfsnrkcy/image/upload/v1743530401/k1bd04kbs2ehttm3fejx.jpg;;
RP0108;Body Moon X3 (Blanco-Natural-Gris);Body Moon X3;RN, NB, 3M, 6M, 9M, 12M;17000;https://res.cloudinary.com/dkfsnrkcy/image/upload/v1743530421/olavayhx8yg27aqz5ll1.jpg, https://res.cloudinary.com/dkfsnrkcy/image/upload/v1743530421/evbgsxjqxzs7cex2aawu.jpg, https://res.cloudinary.com/dkfsnrkcy/image/upload/v1743530422/ebmrrjtzdxnljycgeizl.jpg, https://res.cloudinary.com/dkfsnrkcy/image/upload/v1743530421/cngr7pzbwmqjgs3gfdji.jpg;;
RP0109;Body Moon X3 (Gris-Celeste-Natural);Body Moon X3;RN, NB, 3M, 6M, 9M, 12M;17000;https://res.cloudinary.com/dkfsnrkcy/image/upload/v1743530440/m9yxp9eocp9rmfj8zxqo.jpg, https://res.cloudinary.com/dkfsnrkcy/image/upload/v1743530440/mvqyzepjoog9tgzfdchc.jpg, https://res.cloudinary.com/dkfsnrkcy/image/upload/v1743530440/bamiikqigvccwvsoh0yc.jpg, https://res.cloudinary.com/dkfsnrkcy/image/upload/v1743530440/vi7ykql7lsyscf0dqmnb.jpg;;
RP0110;Body Moon X3 (Gris-Celeste-Blanco);Body Moon X3;RN, NB, 3M, 6M, 9M, 12M;17000;https://res.cloudinary.com/dkfsnrkcy/image/upload/v1743530467/kb6aaok5zon1q0otpakz.jpg, https://res.cloudinary.com/dkfsnrkcy/image/upload/v1743530467/ts6r0ktrckmyeky5ekbm.jpg, https://res.cloudinary.com/dkfsnrkcy/image/upload/v1743530467/j91yuiwkjysscca2w1tl.jpg, https://res.cloudinary.com/dkfsnrkcy/image/upload/v1743530467/r88huheyan9tzksqvw7i.jpg;;
RP0111;Body Moon Rosa;Body Moon;RN, NB, 3M, 6M, 9M, 12M;6000;https://res.cloudinary.com/dkfsnrkcy/image/upload/v1743530496/hblln9htg6isfnkpmtz5.jpg;;
RP0112;Body Moon Celeste;Body Moon;RN, NB, 3M, 6M, 9M, 12M;6000;https://res.cloudinary.com/dkfsnrkcy/image/upload/v1743530507/lek5vs93prmotvfwfdxv.jpg;;
RP0113;Body Moon Blanco;Body Moon;RN, NB, 3M, 6M, 9M, 12M;6000;https://res.cloudinary.com/dkfsnrkcy/image/upload/v1743530546/y4mpetd0zszvpfux1f9x.jpg;;
RP0114;Body Moon Natural;Body Moon;RN, NB, 3M, 6M, 9M, 12M;6000;https://res.cloudinary.com/dkfsnrkcy/image/upload/v1743530561/lnsln3h8edwsjbkddo8a.jpg;;
RP0115;Body Moon Gris;Body Moon;RN, NB, 3M, 6M, 9M, 12M;6000;https://res.cloudinary.com/dkfsnrkcy/image/upload/v1743530591/l0f5qzaqjqspzp8en3gz.jpg;;
RP0116;Body Amore Rosas;Body Amore;6M;7500;https://res.cloudinary.com/dkfsnrkcy/image/upload/v1743531018/tfh4jsnnjjy2xuhdjldr.jpg;;
RP0117;Body Amore Osita Rosa;Body Amore;6M, 9M, 12M;7500;https://res.cloudinary.com/dkfsnrkcy/image/upload/v1743531048/glwz9pj0lfilg37leefg.jpg;;
RP0118;Body Amore Pajaritos;Body Amore;6M, 9M, 12M;7500;https://res.cloudinary.com/dkfsnrkcy/image/upload/v1743531070/duw1of5juma1yfjyjzxd.jpg;;
RP0119;Body Amore Dino;Body Amore;6M, 9M, 12M;7500;https://res.cloudinary.com/dkfsnrkcy/image/upload/v1743531088/xshkj0pliyz8q5iwzszc.jpg;;
RP0120;Body Amore Conejito;Body Amore;6M, 9M, 12M;7500;https://res.cloudinary.com/dkfsnrkcy/image/upload/v1743531110/itw0o9xcxujsjjzoxask.jpg;;
RP0121;Body Amore Osito Celeste;Body Amore;6M, 9M, 12M;7500;https://res.cloudinary.com/dkfsnrkcy/image/upload/v1743531161/qbmyawiawldp0lppcxf8.jpg;;
RP0122;Body Amore Mapache;Body Amore;6M, 9M, 12M;7500;https://res.cloudinary.com/dkfsnrkcy/image/upload/v1743531202/icuks2es9rq4dl7snmwf.jpg;;
RP0123;Body Amore Gatitos;Body Amore;6M, 9M, 12M;7500;https://res.cloudinary.com/dkfsnrkcy/image/upload/v1743531224/sdnhpcetbxnblrja5icn.jpg;;
RP0124;Body Amore Colorido;Body Amore;6M, 9M, 12M;7500;https://res.cloudinary.com/dkfsnrkcy/image/upload/v1743531242/chcpvwj22f4l8aqtxicz.jpg;;
RP0125;Buzo Cap Plush Celeste;Buzo Cap Plush;NB, 3M, 6M, 9M, 12M;6500;https://res.cloudinary.com/dkfsnrkcy/image/upload/v1743531306/dogijyriaybqgvsjkuzv.jpg;;
RP0126;Buzo Cap Plush Rosas;Buzo Cap Plush;NB, 3M, 6M, 9M;6500;https://res.cloudinary.com/dkfsnrkcy/image/upload/v1743531317/rspfqsrmmafk7kuebyn3.jpg;;
RP0127;Buzo Cap Plush Chicle;Buzo Cap Plush;NB, 3M, 6M, 9M, 12M;6500;https://res.cloudinary.com/dkfsnrkcy/image/upload/v1743531327/ja3zcxob56ssdegy3iyh.jpg;;
RP0128;Batita Pack X3 (Rosa-Gris-Blanco);Batita Pack X3;P, RN, NB;10500;https://res.cloudinary.com/dkfsnrkcy/image/upload/v1743531497/k5fhgau5oam7skznbhpd.png, https://res.cloudinary.com/dkfsnrkcy/image/upload/v1743531498/yt4swfxegxx8l7lwi258.jpg, https://res.cloudinary.com/dkfsnrkcy/image/upload/v1743531498/ajqkeaceai7h2swakpk4.jpg, https://res.cloudinary.com/dkfsnrkcy/image/upload/v1743531498/azmddplp7yb1axvhv0l8.jpg, https://res.cloudinary.com/dkfsnrkcy/image/upload/v1743531498/oiccth48ikxethkykclh.jpg;;
RP0129;Batita Pack X3 (Natural-Rosa-Blanco);Batita Pack X3;P, RN, NB;10500;https://res.cloudinary.com/dkfsnrkcy/image/upload/v1743531605/krohryrdkzf2pkn9hm70.png, https://res.cloudinary.com/dkfsnrkcy/image/upload/v1743531605/egbpfliaxmfxues3b7u5.jpg, https://res.cloudinary.com/dkfsnrkcy/image/upload/v1743531605/r1gl2nk6bj3bhn9ndml0.jpg, https://res.cloudinary.com/dkfsnrkcy/image/upload/v1743531605/gqzy8ylo1pdl0xgrhpbx.jpg, https://res.cloudinary.com/dkfsnrkcy/image/upload/v1743531605/ichkddwxbjekmdjwpxl3.jpg;;
RP0130;Batita Pack X3 (Natural-Celeste-Blanco);Batita Pack X3;P, RN, NB;10500;https://res.cloudinary.com/dkfsnrkcy/image/upload/v1743531642/lesfsttefvcuo3pdu9js.png, https://res.cloudinary.com/dkfsnrkcy/image/upload/v1743531641/lxl7pdawbyyaog19kitj.jpg, https://res.cloudinary.com/dkfsnrkcy/image/upload/v1743531641/tfbx6do7i4s99vg1xqfz.jpg, https://res.cloudinary.com/dkfsnrkcy/image/upload/v1743531642/tjwytgrfekrw0ncdhclc.jpg;;
RP0131;Batita Pack X3 (Gris-Celeste-Natural);Batita Pack X3;P, RN, NB;10500;https://res.cloudinary.com/dkfsnrkcy/image/upload/v1743531700/c0qnfdkv0nz1o7mvqudp.png, https://res.cloudinary.com/dkfsnrkcy/image/upload/v1743531700/upjokmwjgoke4mvolmgh.jpg, https://res.cloudinary.com/dkfsnrkcy/image/upload/v1743531700/guqe10wcuoyozk5ei7o2.jpg, https://res.cloudinary.com/dkfsnrkcy/image/upload/v1743531700/rdxzo5zfipifuj3npxai.jpg, https://res.cloudinary.com/dkfsnrkcy/image/upload/v1743531700/dr9azcutqgxyrenmzdpw.jpg;;
RP0132;Batita Pack X3 (Natural-Gris-Blanco);Batita Pack X3;P, RN, NB;10500;https://res.cloudinary.com/dkfsnrkcy/image/upload/v1743531727/cwdbwmbazn24shu8r1zc.png, https://res.cloudinary.com/dkfsnrkcy/image/upload/v1743531727/eapp8losqehzyo3zxlh4.jpg, https://res.cloudinary.com/dkfsnrkcy/image/upload/v1743531727/ism8biuobalsxwfgehof.jpg, https://res.cloudinary.com/dkfsnrkcy/image/upload/v1743531727/cbwamxgpy6c0n85b6quc.jpg, https://res.cloudinary.com/dkfsnrkcy/image/upload/v1743531727/fu8ah99klbjndp6jinx8.jpg;;
